"Date","Model","Launched","Destroyed"
2022-09-28,"Reconnaissance UAV ",3,3
2022-09-28,"X-59 ",5,4
2022-09-29,"Shahed-136/131 ",7,5
2022-09-30,"Orlan-10 ",3,3
2022-10-01,"Orlan-10 ",1,1
2022-10-02,"Shahed-136/131 ",7,5
2022-10-05,"Orlan-10 ",1,1
2022-10-05,"Shahed-136/131 ",7,7
2022-10-06,"Mohajer-6 ",2,2
2022-10-06,"Orlan-10 ",1,1
2022-10-06,"Shahed-136/131 ",14,14
2022-10-07,"Shahed-136/131 ",3,3
2022-10-08,"Shahed-136/131 ",1,1
2022-10-08,"Unknown UAV ",2,2
2022-10-09,"C-300 ",16,0
2022-10-09,"X-22 ",4,0
2022-10-09,"X-59 ",2,1
2022-10-10,"Shahed-136/131 ",13,10
2022-10-10,"Unknown UAV ",11,3
2022-10-10,"X-101/X-555 and Kalibr ",84,43
2022-10-11,"Shahed-136/131 ",34,34
2022-10-11,"X-101/X-555 and Kalibr ",28,20
2022-10-12,"Lancet ",2,2
2022-10-12,"Shahed-136/131 ",17,17
2022-10-13,"Kalibr ",5,5
2022-10-13,"Shahed-136/131 ",6,6
2022-10-14,"Shahed-136/131 ",8,8
2022-10-15,"Shahed-136/131 ",6,6
2022-10-16,"Shahed-136/131 ",11,11
2022-10-17,"Kalibr ",2,2
2022-10-17,"Shahed-136/131 ",34,34
2022-10-17,"Unknown Missile ",3,3
2022-10-18,"Kalibr ",4,4
2022-10-18,"Shahed-136/131 ",6,6
2022-10-18,"X-101/X-555 ",1,1
2022-10-19,"Shahed-136/131 ",23,23
2022-10-19,"X-101/X-555 ",6,4
2022-10-20,"Shahed-136/131 ",14,14
2022-10-22,"Kalibr ",16,5
2022-10-22,"Shahed-136/131 ",10,10
2022-10-22,"X-101/X-555 ",17,13
2022-10-23,"Shahed-136/131 ",16,16
2022-10-25,"Shahed-136/131 ",3,3
2022-10-26,"Shahed-136/131 ",20,19
2022-10-26,"X-59 ",1,1
2022-10-31,"X-101/X-555 ",50,44
2022-11-01,"Reconnaissance UAV ",1,1
2022-11-01,"Shahed-136/131 ",6,6
2022-11-02,"Shahed-136/131 ",13,12
2022-11-04,"Kalibr ",2,2
2022-11-04,"Reconnaissance UAV ",3,3
2022-11-04,"Shahed-136/131 ",20,20
2022-11-09,"Orlan-10 ",1,1
2022-11-09,"Shahed-136/131 ",5,5
2022-11-14,"Unknown UAV ",2,2
2022-11-15,"Orion ",1,1
2022-11-15,"Orlan-10 ",1,1
2022-11-15,"Shahed-136/131 ",10,10
2022-11-15,"X-101/X-555 and Kalibr ",96,75
2022-11-15,"X-59 ",2,2
2022-11-17,"Shahed-136/131 ",5,5
2022-11-17,"X-101/X-555 ",18,4
2022-11-17,"X-59 ",2,2
2022-11-23,"Lancet ",5,5
2022-11-23,"X-101/X-555 and Kalibr ",70,51
2022-12-05,"Kalibr ",22,22
2022-12-05,"X-101/X-555 ",38,38
2022-12-05,"X-22 ",3,0
2022-12-05,"X-31P ",1,0
2022-12-05,"X-59 ",6,0
2022-12-07,"Orlan-10 ",1,1
2022-12-07,"Shahed-136/131 ",11,11
2022-12-07,"Unknown UAV ",2,2
2022-12-10,"Shahed-136/131 ",15,10
2022-12-14,"Shahed-136/131 ",13,13
2022-12-16,"C-300 ",27,0
2022-12-16,"X-101/X-555 and X-22 and Kalibr ",72,60
2022-12-16,"X-31P ",2,0
2022-12-16,"X-59 ",2,0
2022-12-19,"Shahed-136/131 ",35,30
2022-12-20,"Orion ",1,1
2022-12-20,"Unknown UAV ",1,1
2022-12-22,"X-59MK2 ",1,1
2022-12-29,"Orlan-10 ",4,4
2022-12-29,"X-101/X-555 and Kalibr ",62,58
2022-12-29,"X-22 and X-32 ",6,0
2022-12-29,"X-31P ",2,0
2022-12-30,"Shahed-136/131 ",16,16
2022-12-31,"Orlan-10 ",1,1
2022-12-31,"Unknown Missile ",20,12
2023-01-01,"Shahed-136/131 ",45,45
2023-01-02,"Orlan-10 ",1,1
2023-01-02,"Shahed-136/131 ",39,39
2023-01-02,"X-59 ",1,1
2023-01-11,"Orlan-10 ",2,2
2023-01-11,"Unknown UAV ",1,1
2023-01-12,"Orlan-10 ",1,1
2023-01-14,"Kalibr ",7,4
2023-01-14,"X-101/X-555 ",16,14
2023-01-14,"X-22 ",5,0
2023-01-14,"X-59 ",10,7
2023-01-20,"Merlin-VR ",1,1
2023-01-20,"Orlan-10 ",1,1
2023-01-23,"Orlan-10 ",1,1
2023-01-23,"X-59 ",2,2
2023-01-25,"Orlan-10 ",1,1
2023-01-26,"Kalibr ",9,7
2023-01-26,"Shahed-136/131 ",24,24
2023-01-26,"X-101/X-555 ",40,40
2023-01-26,"X-47 Kinzhal ",2,0
2023-01-26,"X-59 ",4,0
2023-02-09,"Orion ",1,1
2023-02-10,"C-300 ",35,0
2023-02-10,"Kalibr ",28,23
2023-02-10,"Shahed-136/131 ",27,25
2023-02-10,"X-101/X-555 ",43,38
2023-02-11,"Orlan-10 ",1,1
2023-02-11,"Shahed-136/131 ",4,4
2023-02-15,"Unknown UAV ",1,1
2023-02-16,"Kalibr ",8,4
2023-02-16,"P-800 Oniks ",1,0
2023-02-16,"X-101/X-555 ",12,10
2023-02-16,"X-22 ",12,0
2023-02-16,"X-31 ",1,1
2023-02-16,"X-59 ",1,1
2023-02-18,"Kalibr ",4,2
2023-02-27,"Shahed-136/131 ",14,11
2023-03-01,"Shahed-136/131 ",4,4
2023-03-06,"Shahed-136/131 ",15,13
2023-03-08,"Shahed-136/131 ",2,2
2023-03-09,"C-300 ",13,0
2023-03-09,"Kalibr ",20,14
2023-03-09,"Shahed-136/131 ",8,4
2023-03-09,"X-101/X-555 ",28,20
2023-03-09,"X-22 ",6,0
2023-03-09,"X-31P ",2,0
2023-03-09,"X-47 Kinzhal ",6,0
2023-03-09,"X-59 ",6,0
2023-03-14,"X-31P ",4,0
2023-03-18,"Shahed-136/131 ",16,11
2023-03-21,"X-59 ",2,2
2023-03-22,"Shahed-136/131 ",21,16
2023-03-23,"X-59 ",2,2
2023-03-27,"Granat-4 ",1,1
2023-03-27,"KAB ",2,0
2023-03-27,"Shahed-136/131 ",13,12
2023-03-31,"Shahed-136/131 ",10,9
2023-04-04,"Shahed-136/131 ",17,14
2023-04-08,"Supercam ",1,1
2023-04-10,"Merlin-VR ",1,1
2023-04-10,"Orlan-10 ",1,1
2023-04-18,"Orlan-10 ",1,1
2023-04-18,"Shahed-136/131 ",8,6
2023-04-19,"Shahed-136/131 ",12,10
2023-04-20,"Shahed-136/131 ",11,10
2023-04-21,"Shahed-136/131 ",17,12
2023-04-23,"Lancet ",4,4
2023-04-23,"Merlin-VR ",1,1
2023-04-24,"Lancet ",2,2
2023-04-24,"Shahed-136/131 ",6,6
2023-04-24,"Unknown UAV ",1,1
2023-04-26,"Lancet ",5,5
2023-04-26,"Merlin-VR ",1,1
2023-04-28,"Unknown UAV ",2,2
2023-04-28,"X-101/X-555 ",23,21
2023-04-29,"Shahed-136/131 ",2,2
2023-04-29,"Unknown UAV ",1,1
2023-05-01,"X-101/X-555 ",18,15
2023-05-03,"Lancet ",2,2
2023-05-03,"Merlin-VR ",1,1
2023-05-03,"Shahed-136/131 ",26,21
2023-05-03,"Unknown UAV ",1,1
2023-05-04,"Shahed-136/131 ",24,18
2023-05-04,"Unknown UAV ",1,1
2023-05-04,"X-47 Kinzhal ",1,1
2023-05-05,"Shahed-136/131 ",2,2
2023-05-06,"Lancet ",1,1
2023-05-06,"Shahed-136/131 ",8,8
2023-05-06,"Unknown UAV ",4,4
2023-05-08,"Kalibr ",8,8
2023-05-08,"Lancet ",2,2
2023-05-08,"Shahed-136/131 ",35,35
2023-05-08,"Unknown Missile ",8,0
2023-05-08,"ZALA ",1,1
2023-05-09,"Shahed-136/131 ",3,3
2023-05-09,"X-101/X-555 ",17,15
2023-05-12,"Lancet ",4,4
2023-05-13,"Orlan-10 ",1,1
2023-05-13,"Shahed-136/131 ",21,17
2023-05-14,"Lancet ",1,1
2023-05-14,"Orlan-10 ",5,5
2023-05-14,"Shahed-136/131 ",22,22
2023-05-14,"Unknown UAV ",4,4
2023-05-14,"X-101/X-555 ",3,3
2023-05-14,"ZALA ",1,1
2023-05-15,"Lancet ",2,2
2023-05-15,"Orlan-10 ",1,1
2023-05-15,"Supercam ",1,1
2023-05-16,"C-400 and Iskander-M ",10,10
2023-05-16,"Kalibr ",9,9
2023-05-16,"Orlan-10 ",2,2
2023-05-16,"Shahed-136/131 ",6,6
2023-05-16,"Supercam ",2,2
2023-05-16,"Unknown UAV ",1,1
2023-05-16,"X-47 Kinzhal ",6,6
2023-05-18,"Iskander-K ",2,2
2023-05-18,"Kalibr ",6,6
2023-05-18,"Shahed-136/131 ",2,2
2023-05-18,"Unknown UAV ",2,2
2023-05-18,"X-101/X-555 ",22,21
2023-05-19,"Kalibr ",6,3
2023-05-19,"Merlin-VR ",1,1
2023-05-19,"Shahed-136/131 ",24,18
2023-05-20,"Merlin-VR ",1,1
2023-05-20,"Orlan-10 ",1,1
2023-05-20,"Shahed-136/131 ",25,25
2023-05-21,"Merlin-VR ",1,1
2023-05-21,"Orlan-10 ",1,1
2023-05-21,"ZALA ",1,1
2023-05-22,"C-300 ",5,0
2023-05-22,"Iskander-M ",2,0
2023-05-22,"Merlin-VR ",2,2
2023-05-22,"Shahed-136/131 ",20,20
2023-05-22,"X-101/X-555 ",4,4
2023-05-22,"X-22 ",5,0
2023-05-23,"Shahed-136/131 ",6,6
2023-05-25,"Shahed-136/131 ",36,36
2023-05-26,"C-300/C-400 ",7,0
2023-05-26,"Merlin-VR ",1,1
2023-05-26,"Orlan-10 ",1,1
2023-05-26,"Shahed-136/131 ",31,23
2023-05-26,"X-101/X-555 ",10,10
2023-05-28,"Shahed-136/131 ",54,52
2023-05-29,"Iskander-M and Iskander-K ",11,11
2023-05-29,"Shahed-136/131 ",35,29
2023-05-29,"Unknown UAV ",1,1
2023-05-29,"X-101/X-555 ",40,37
2023-05-30,"Shahed-136/131 ",31,29
2023-05-31,"Lancet ",2,2
2023-05-31,"Merlin-VR ",2,2
2023-05-31,"Orlan-10 ",1,1
2023-06-01,"Iskander-K ",3,3
2023-06-01,"Iskander-M ",7,7
2023-06-02,"Shahed-136/131 ",21,21
2023-06-02,"X-101/X-555 ",15,15
2023-06-04,"Shahed-136/131 ",5,3
2023-06-04,"X-101/X-555 ",6,4
2023-06-06,"X-101/X-555 ",35,35
2023-06-07,"Lancet ",1,1
2023-06-07,"Orlan-10 ",1,1
2023-06-08,"Kalibr ",2,0
2023-06-09,"Orlan-10 and Supercam ",4,4
2023-06-09,"Orlan-10 and ZALA and Supercam ",12,12
2023-06-09,"Shahed-136/131 and Lancet ",16,10
2023-06-09,"X-101/X-555 ",6,4
2023-06-10,"Shahed-136/131 ",35,20
2023-06-10,"Unknown Missile ",8,2
2023-06-11,"Shahed-136/131 ",6,6
2023-06-13,"Shahed-136/131 ",4,1
2023-06-13,"X-101/X-555 ",14,10
2023-06-14,"Kalibr ",4,3
2023-06-14,"Shahed-136/131 ",10,9
2023-06-14,"X-22 ",6,0
2023-06-15,"Lancet ",1,1
2023-06-15,"Orlan-10 ",2,2
2023-06-15,"Orlan-30 ",1,1
2023-06-15,"Reconnaissance UAV ",1,1
2023-06-15,"Shahed-136/131 ",20,20
2023-06-15,"X-101/X-555 ",4,1
2023-06-15,"ZALA ",1,1
2023-06-16,"Kalibr ",6,6
2023-06-16,"Reconnaissance UAV ",2,2
2023-06-16,"Shahed-136/131 ",2,2
2023-06-16,"X-47 Kinzhal ",6,6
2023-06-17,"Lancet ",1,1
2023-06-17,"Orlan-10 and Orlan-30 and ZALA and Supercam ",7,7
2023-06-17,"Shahed-136/131 ",4,4
2023-06-19,"Kalibr ",4,4
2023-06-19,"Shahed-136/131 ",4,4
2023-06-20,"Reconnaissance UAV ",4,4
2023-06-20,"Shahed-136/131 ",41,38
2023-06-22,"Shahed-136/131 ",4,3
2023-06-22,"X-22 ",3,0
2023-06-22,"X-47 Kinzhal ",3,0
2023-06-23,"Reconnaissance UAV ",1,1
2023-06-23,"X-101/X-555 ",13,13
2023-06-24,"Kalibr ",2,1
2023-06-24,"Shahed-136/131 ",2,2
2023-06-24,"X-101/X-555 ",40,40
2023-06-24,"X-22 ",9,0
2023-06-26,"Kalibr ",3,2
2023-06-26,"Shahed-136/131 ",8,7
2023-06-26,"Unknown UAV ",4,4
2023-06-28,"Shahed-136/131 ",6,6
2023-06-30,"C-300 ",4,0
2023-06-30,"Shahed-136/131 ",13,10
2023-07-02,"Kalibr ",3,3
2023-07-02,"Shahed-136/131 ",8,8
2023-07-03,"Shahed-136/131 ",17,13
2023-07-05,"Lancet ",4,4
2023-07-05,"Merlin-VR ",2,2
2023-07-05,"Orlan-10 ",1,1
2023-07-05,"ZALA ",1,1
2023-07-06,"Kalibr ",10,7
2023-07-07,"Shahed-136/131 ",18,12
2023-07-08,"Shahed-136/131 ",5,5
2023-07-10,"Lancet ",3,3
2023-07-10,"Reconnaissance UAV ",4,4
2023-07-11,"Shahed-136/131 ",28,26
2023-07-11,"ZALA ",1,1
2023-07-12,"Shahed-136/131 ",15,11
2023-07-13,"Iskander-M ",1,0
2023-07-13,"Kalibr ",2,2
2023-07-13,"Reconnaissance UAV ",6,6
2023-07-13,"Shahed-136/131 ",20,20
2023-07-14,"Lancet ",3,3
2023-07-14,"Orlan-10 and ZALA ",3,3
2023-07-14,"Reconnaissance UAV ",1,1
2023-07-14,"Shahed-136/131 ",17,16
2023-07-15,"Shahed-136/131 ",6,4
2023-07-17,"Lancet ",1,1
2023-07-17,"Reconnaissance UAV ",9,9
2023-07-17,"Shahed-136/131 ",3,3
2023-07-18,"Kalibr ",6,6
2023-07-18,"Reconnaissance UAV ",1,1
2023-07-18,"Shahed-136/131 ",36,31
2023-07-19,"Kalibr ",16,13
2023-07-19,"P-800 Oniks ",6,0
2023-07-19,"Shahed-136/131 ",32,23
2023-07-19,"X-22 ",8,0
2023-07-19,"X-59 ",1,1
2023-07-20,"Iskander-K ",5,3
2023-07-20,"Kalibr ",3,2
2023-07-20,"P-800 Oniks ",7,0
2023-07-20,"Shahed-136/131 ",19,13
2023-07-20,"X-22 ",4,0
2023-07-21,"Reconnaissance UAV ",9,9
2023-07-22,"Shahed-136/131 ",5,5
2023-07-23,"Iskander-K ",5,5
2023-07-23,"Iskander-M ",2,2
2023-07-23,"Kalibr ",4,4
2023-07-23,"P-800 Oniks ",5,0
2023-07-23,"X-22 ",3,0
2023-07-24,"Shahed-136/131 ",3,3
2023-07-26,"Kalibr ",3,3
2023-07-26,"X-101/X-555 ",36,33
2023-07-26,"X-47 Kinzhal ",4,0
2023-07-27,"Kalibr ",2,0
2023-07-27,"Shahed-136/131 ",8,8
2023-07-29,"Reconnaissance UAV ",4,4
2023-07-30,"Shahed-136/131 ",4,4
2023-08-02,"Reconnaissance UAV ",7,7
2023-08-02,"Shahed-136/131 ",23,23
2023-08-03,"Shahed-136/131 ",15,15
2023-08-05,"Kalibr ",14,13
2023-08-05,"X-47 Kinzhal ",3,0
2023-08-06,"Kalibr ",6,5
2023-08-06,"Shahed-136/131 ",27,27
2023-08-06,"X-101/X-555 ",20,13
2023-08-11,"Shahed-136/131 ",10,7
2023-08-11,"X-47 Kinzhal ",4,1
2023-08-12,"Shahed-136/131 ",5,3
2023-08-14,"Kalibr ",8,8
2023-08-14,"Shahed-136/131 ",15,15
2023-08-14,"X-47 Kinzhal ",3,1
2023-08-15,"C-300/C-400 ",8,0
2023-08-15,"Kalibr ",4,2
2023-08-15,"X-101/X-555 ",20,14
2023-08-15,"X-22 ",4,0
2023-08-16,"Shahed-136/131 ",16,16
2023-08-18,"Lancet ",1,1
2023-08-18,"Reconnaissance UAV ",6,6
2023-08-19,"Shahed-136/131 ",17,15
2023-08-23,"Shahed-136/131 ",20,11
2023-08-24,"Iskander-K ",1,1
2023-08-25,"Kalibr ",2,2
2023-08-25,"Shahed-136/131 ",1,1
2023-08-25,"X-59 ",2,2
2023-08-26,"Shahed-136/131 ",2,2
2023-08-27,"Shahed-136/131 ",2,2
2023-08-27,"X-101/X-555 ",8,4
2023-08-28,"Kalibr ",4,2
2023-08-28,"X-59 ",2,2
2023-08-30,"Shahed-136/131 ",16,15
2023-08-30,"X-101/X-555 ",28,28
2023-09-01,"Kalibr ",2,1
2023-09-03,"Shahed-136/131 ",25,22
2023-09-04,"Shahed-136/131 ",32,23
2023-09-06,"Iskander-M ",1,1
2023-09-06,"Shahed-136/131 ",25,15
2023-09-06,"X-101/X-555 ",7,7
2023-09-07,"Shahed-136/131 ",33,25
2023-09-08,"Shahed-136/131 ",20,16
2023-09-10,"Shahed-136/131 ",33,26
2023-09-11,"Shahed-136/131 ",12,12
2023-09-11,"Unknown UAV ",1,1
2023-09-13,"Shahed-136/131 ",44,32
2023-09-14,"Shahed-136/131 ",22,17
2023-09-15,"Shahed-136/131 ",17,17
2023-09-17,"Shahed-136/131 ",6,6
2023-09-17,"X-101/X-555 ",10,6
2023-09-18,"Shahed-136/131 ",24,18
2023-09-18,"X-101/X-555 ",17,17
2023-09-19,"Iskander-M ",1,0
2023-09-19,"Reconnaissance UAV ",1,1
2023-09-19,"Shahed-136/131 ",30,27
2023-09-20,"Shahed-136/131 ",24,17
2023-09-21,"C-300 ",6,0
2023-09-21,"X-101/X-555 ",43,36
2023-09-23,"Orlan-10 ",2,2
2023-09-23,"Shahed-136/131 ",15,14
2023-09-24,"Lancet ",3,3
2023-09-24,"Reconnaissance UAV ",4,4
2023-09-25,"Kalibr ",12,11
2023-09-25,"P-800 Oniks ",2,0
2023-09-25,"Shahed-136/131 ",19,19
2023-09-26,"Shahed-136/131 ",38,26
2023-09-27,"Orlan-10 and ZALA and Supercam ",6,6
2023-09-28,"Shahed-136/131 ",44,34
2023-09-30,"Shahed-136/131 ",40,30
2023-10-01,"Merlin-VR ",3,3
2023-10-01,"Shahed-136/131 ",30,16
2023-10-02,"Shahed-136/131 ",7,4
2023-10-03,"Iskander-K ",1,1
2023-10-03,"Shahed-136/131 ",31,29
2023-10-05,"Shahed-136/131 ",29,24
2023-10-06,"Shahed-136/131 ",33,25
2023-10-10,"Shahed-136/131 ",36,27
2023-10-11,"Supercam ",1,1
2023-10-12,"Shahed-136/131 ",33,28
2023-10-15,"Unknown UAV ",1,1
2023-10-16,"Iskander-M ",1,0
2023-10-16,"Shahed-136/131 ",12,11
2023-10-16,"X-59 ",5,2
2023-10-17,"C-300 ",2,0
2023-10-17,"Shahed-136/131 ",6,6
2023-10-17,"X-59 ",1,1
2023-10-18,"Lancet ",1,1
2023-10-19,"C-300 ",1,0
2023-10-19,"Iskander-M ",5,0
2023-10-19,"Shahed-136/131 ",9,3
2023-10-19,"Unknown Missile ",1,0
2023-10-19,"X-59 ",1,1
2023-10-21,"Lancet ",3,3
2023-10-22,"C-300 ",8,0
2023-10-22,"Shahed-136/131 ",3,3
2023-10-22,"Unknown UAV ",2,0
2023-10-22,"X-59 ",1,1
2023-10-23,"Shahed-136/131 ",13,13
2023-10-23,"Unknown UAV ",1,1
2023-10-23,"X-59 ",1,1
2023-10-24,"Shahed-136/131 ",6,6
2023-10-24,"X-59 ",1,1
2023-10-25,"Shahed-136/131 ",11,11
2023-10-27,"Iskander-M ",1,0
2023-10-27,"Lancet ",2,2
2023-10-27,"Shahed-136/131 ",6,5
2023-10-27,"X-59 ",3,3
2023-10-28,"Iskander-K ",4,3
2023-10-29,"Lancet ",3,3
2023-10-29,"Merlin-VR ",1,1
2023-10-29,"Shahed-136/131 ",17,17
2023-10-29,"X-59 ",3,2
2023-10-30,"Lancet ",2,2
2023-10-31,"Lancet ",3,3
2023-10-31,"Shahed-136/131 ",1,1
2023-10-31,"Supercam ",1,1
2023-11-01,"Orlan-10 ",1,1
2023-11-01,"Shahed-136/131 ",20,18
2023-11-01,"X-59 ",3,3
2023-11-02,"Lancet ",1,1
2023-11-02,"X-59 ",1,1
2023-11-03,"Lancet ",1,1
2023-11-03,"Shahed-136/131 ",40,24
2023-11-03,"X-59 ",1,1
2023-11-04,"Iskander-K ",3,3
2023-11-04,"Shahed-136/131 ",2,2
2023-11-05,"Iskander-M ",1,0
2023-11-05,"P-800 Oniks ",1,0
2023-11-05,"Shahed-136/131 ",22,15
2023-11-05,"X-31 ",1,0
2023-11-05,"X-59 ",2,2
2023-11-06,"Orlan-10 ",1,0
2023-11-06,"Shahed-136/131 ",1,1
2023-11-09,"X-59 ",1,1
2023-11-10,"Merlin-VR ",1,1
2023-11-10,"Shahed-136/131 ",6,5
2023-11-10,"X-31 ",1,1
2023-11-10,"X-59 ",1,0
2023-11-11,"C-300 ",1,0
2023-11-11,"Iskander-M ",1,1
2023-11-11,"P-800 Oniks ",1,0
2023-11-11,"Shahed-136/131 ",31,19
2023-11-11,"X-31 ",1,0
2023-11-12,"Iskander-M ",1,0
2023-11-12,"X-59 ",2,1
2023-11-13,"Merlin-VR ",3,3
2023-11-13,"Orlan-10 ",2,2
2023-11-14,"Iskander-M ",1,0
2023-11-14,"Shahed-136/131 ",9,7
2023-11-14,"X-35 ",1,0
2023-11-15,"X-59 ",1,1
2023-11-16,"Shahed-136/131 ",18,16
2023-11-17,"Shahed-136/131 ",10,9
2023-11-18,"Shahed-136/131 ",38,29
2023-11-19,"Shahed-136/131 ",20,15
2023-11-21,"C-400 ",4,0
2023-11-21,"Iskander-K ",1,1
2023-11-21,"Mohajer-6 ",1,1
2023-11-21,"Shahed-136/131 ",10,9
2023-11-22,"Shahed-136/131 ",16,16
2023-11-22,"X-22 ",1,0
2023-11-24,"Orlan-10 ",1,1
2023-11-24,"Shahed-136/131 ",3,3
2023-11-25,"Shahed-136/131 ",75,74
2023-11-25,"X-59 ",1,1
2023-11-26,"Shahed-136/131 ",9,8
2023-11-28,"Iskander-M ",1,0
2023-11-28,"Orlan-10 ",1,1
2023-11-28,"Shahed-136/131 ",1,1
2023-11-28,"Unknown UAV ",1,1
2023-11-28,"ZALA ",1,1
2023-11-29,"Shahed-136/131 ",21,21
2023-11-29,"X-59 ",3,2
2023-11-30,"C-300 ",8,0
2023-11-30,"Shahed-136/131 ",20,14
2023-12-01,"Lancet ",1,1
2023-12-01,"Shahed-136/131 ",25,18
2023-12-01,"X-59 ",2,1
2023-12-02,"Shahed-136/131 ",11,10
2023-12-02,"X-59 ",1,0
2023-12-03,"Shahed-136/131 ",12,10
2023-12-03,"Supercam ",1,1
2023-12-03,"X-59 ",1,0
2023-12-04,"Shahed-136/131 ",23,18
2023-12-04,"X-59 ",1,1
2023-12-05,"C-300 ",6,0
2023-12-05,"Lancet ",1,1
2023-12-05,"Merlin-VR ",3,3
2023-12-05,"Reconnaissance UAV ",1,1
2023-12-05,"Shahed-136/131 ",17,10
2023-12-05,"ZALA ",2,2
2023-12-06,"Shahed-136/131 ",48,41
2023-12-06,"Supercam ",1,1
2023-12-06,"X-59 ",1,1
2023-12-07,"Shahed-136/131 ",18,15
2023-12-08,"C-300 ",6,0
2023-12-08,"Shahed-136/131 ",7,7
2023-12-08,"X-101/X-555 ",19,14
2023-12-11,"KAB ",8,8
2023-12-11,"Shahed-136/131 ",18,18
2023-12-11,"X-59 ",2,2
2023-12-12,"Shahed-136/131 ",15,9
2023-12-13,"C-400 and Iskander-M ",10,10
2023-12-13,"Shahed-136/131 ",10,10
2023-12-14,"Shahed-136/131 ",42,41
2023-12-14,"X-59 ",1,0
2023-12-15,"Shahed-136/131 ",14,14
2023-12-16,"Shahed-136/131 ",31,30
2023-12-17,"Iskander-K ",1,0
2023-12-17,"Shahed-136/131 ",22,22
2023-12-17,"X-59 ",1,1
2023-12-18,"Shahed-136/131 ",5,5
2023-12-18,"X-59 ",1,1
2023-12-19,"Shahed-136/131 ",2,2
2023-12-20,"C-300 ",2,0
2023-12-20,"Shahed-136/131 ",19,18
2023-12-20,"X-59 ",1,1
2023-12-21,"Shahed-136/131 ",35,34
2023-12-22,"Shahed-136/131 ",28,24
2023-12-23,"Shahed-136/131 ",9,9
2023-12-23,"X-59 ",1,1
2023-12-24,"Shahed-136/131 ",15,14
2023-12-24,"X-31P ",1,1
2023-12-24,"X-59 ",1,1
2023-12-24,"ZALA ",1,1
2023-12-25,"Shahed-136/131 ",31,28
2023-12-25,"X-59 ",1,1
2023-12-26,"Merlin-VR ",1,1
2023-12-26,"Shahed-136/131 ",19,13
2023-12-26,"Supercam ",1,1
2023-12-26,"X-59 ",2,2
2023-12-27,"Shahed-136/131 ",46,32
2023-12-28,"Merlin-VR ",2,2
2023-12-28,"Shahed-136/131 ",8,7
2023-12-28,"Supercam ",1,1
2023-12-29,"C-300/C-400 and Iskander-M ",14,0
2023-12-29,"Shahed-136/131 ",36,27
2023-12-29,"X-101/X-555 ",90,87
2023-12-29,"X-22 and X-32 ",8,0
2023-12-29,"X-31P ",4,0
2023-12-29,"X-47 Kinzhal ",5,0
2023-12-29,"X-59 ",1,0
2023-12-30,"C-300 ",6,0
2023-12-30,"Shahed-136/131 ",10,5
2023-12-30,"X-59 ",1,1
2023-12-31,"Shahed-136/131 ",49,21
2024-01-01,"C-300 ",4,0
2024-01-01,"Lancet ",2,2
2024-01-01,"Merlin-VR ",1,1
2024-01-01,"Shahed-136/131 ",100,96
2024-01-01,"X-31P ",3,0
2024-01-01,"X-59 ",2,1
2024-01-02,"C-300/C-400 and Iskander-M ",12,0
2024-01-02,"Kalibr ",3,3
2024-01-02,"Lancet ",5,5
2024-01-02,"Shahed-136/131 ",35,35
2024-01-02,"X-101/X-555 ",70,59
2024-01-02,"X-31P ",4,0
2024-01-02,"X-47 Kinzhal ",10,10
2024-01-02,"ZALA ",1,1
2024-01-04,"KAB ",3,0
2024-01-04,"Lancet ",1,1
2024-01-04,"Shahed-136/131 ",2,2
2024-01-04,"X-59 ",2,2
2024-01-05,"Merlin-VR ",2,2
2024-01-05,"Orlan-10 ",1,1
2024-01-05,"Shahed-136/131 ",29,21
2024-01-06,"Shahed-136/131 ",1,1
2024-01-06,"Supercam ",1,1
2024-01-07,"C-300 ",3,0
2024-01-07,"Shahed-136/131 ",28,21
2024-01-07,"X-59 ",1,1
2024-01-08,"C-300 ",7,0
2024-01-08,"Iskander-M ",6,0
2024-01-08,"Shahed-136/131 ",8,8
2024-01-08,"X-101/X-555 ",24,18
2024-01-08,"X-22 ",8,0
2024-01-08,"X-31P ",2,0
2024-01-08,"X-47 Kinzhal ",4,0
2024-01-09,"Merlin-VR ",1,1
2024-01-09,"Supercam ",1,1
2024-01-10,"X-59 ",1,1
2024-01-13,"C-300 ",7,0
2024-01-13,"Merlin-VR ",1,1
2024-01-13,"Shahed-136/131 ",3,0
2024-01-13,"X-101/X-555 ",12,7
2024-01-13,"X-22 ",7,0
2024-01-13,"X-31P ",2,0
2024-01-13,"X-47 Kinzhal ",6,0
2024-01-13,"X-59 ",4,1
2024-01-14,"X-59 ",1,1
2024-01-15,"Merlin-VR ",1,1
2024-01-15,"X-59 ",1,1
2024-01-15,"ZALA ",2,2
2024-01-16,"Orlan-10 ",1,1
2024-01-16,"Supercam ",1,1
2024-01-17,"C-300 ",2,0
2024-01-17,"Lancet ",1,1
2024-01-17,"Reconnaissance UAV ",1,1
2024-01-17,"Shahed-136/131 ",19,19
2024-01-17,"X-59 ",1,1
2024-01-18,"C-300 ",2,0
2024-01-18,"Shahed-136/131 ",33,22
2024-01-20,"C-300 ",3,0
2024-01-20,"Shahed-136/131 ",7,4
2024-01-21,"X-59 ",1,1
2024-01-22,"Shahed-136/131 ",8,8
2024-01-22,"X-59 ",1,1
2024-01-23,"C-300/C-400 ",4,0
2024-01-23,"Iskander-M ",12,5
2024-01-23,"X-101/X-555 ",15,15
2024-01-23,"X-22 ",8,0
2024-01-23,"X-59 ",2,1
2024-01-24,"Merlin-VR ",2,2
2024-01-24,"X-59 ",2,2
2024-01-25,"C-300 ",4,0
2024-01-25,"Shahed-136/131 ",14,11
2024-01-25,"X-59 ",1,1
2024-01-27,"Iskander-M ",1,0
2024-01-27,"Shahed-136/131 ",4,4
2024-01-28,"C-300 ",3,0
2024-01-28,"Iskander-M ",2,0
2024-01-28,"Shahed-136/131 ",8,4
2024-01-28,"X-59 ",1,1
2024-01-29,"C-300 ",3,0
2024-01-29,"Iskander-M ",1,0
2024-01-29,"Shahed-136/131 ",8,8
2024-01-30,"C-300 ",2,0
2024-01-30,"Merlin-VR ",1,1
2024-01-30,"Shahed-136/131 ",35,15
2024-01-30,"Supercam ",1,1
2024-01-31,"C-300 ",3,0
2024-01-31,"Lancet ",2,2
2024-01-31,"Merlin-VR ",1,1
2024-01-31,"Shahed-136/131 ",20,14
2024-01-31,"X-59 ",1,1
2024-02-01,"Orlan-10 ",1,1
2024-02-01,"Shahed-136/131 ",4,2
2024-02-02,"Shahed-136/131 ",24,11
2024-02-02,"ZALA ",1,1
2024-02-03,"Shahed-136/131 ",14,9
2024-02-03,"X-59 ",3,1
2024-02-06,"X-59 ",1,1
2024-02-07,"C-300 ",5,0
2024-02-07,"Iskander-M ",3,0
2024-02-07,"Kalibr ",3,3
2024-02-07,"Shahed-136/131 ",20,15
2024-02-07,"X-101/X-555 ",29,26
2024-02-07,"X-22 ",4,0
2024-02-08,"Shahed-136/131 ",17,11
2024-02-08,"X-59 ",1,1
2024-02-09,"Shahed-136/131 ",16,10
2024-02-09,"Supercam ",1,1
2024-02-09,"ZALA ",1,1
2024-02-10,"Shahed-136/131 ",31,23
2024-02-11,"Shahed-136/131 ",45,40
2024-02-12,"C-300 ",0,0
2024-02-12,"Shahed-136/131 ",17,14
2024-02-12,"X-59 ",1,1
2024-02-13,"Lancet ",1,1
2024-02-13,"Shahed-136/131 ",23,16
2024-02-13,"X-59 ",1,1
2024-02-15,"C-300 ",2,0
2024-02-15,"Iskander-M/KN-23 ",6,1
2024-02-15,"Kalibr ",2,2
2024-02-15,"X-101/X-555 ",12,8
2024-02-15,"X-59 ",4,2
2024-02-16,"X-59 ",1,1
2024-02-17,"Supercam ",1,1
2024-02-17,"X-59 ",1,1
2024-02-17,"ZALA ",1,1
2024-02-18,"C-300 ",6,0
2024-02-18,"Shahed-136/131 ",14,12
2024-02-18,"X-22 ",3,0
2024-02-18,"X-59 ",1,1
2024-02-19,"Lancet ",1,1
2024-02-19,"Shahed-136/131 ",4,4
2024-02-19,"X-59 ",1,1
2024-02-20,"C-300/C-400 ",2,0
2024-02-20,"Shahed-136/131 ",23,23
2024-02-20,"X-31 ",1,0
2024-02-21,"C-300 ",1,0
2024-02-21,"Shahed-136/131 ",19,13
2024-02-21,"X-22 ",4,0
2024-02-21,"X-59 ",1,1
2024-02-22,"Shahed-136/131 ",10,8
2024-02-22,"X-31P ",1,0
2024-02-23,"C-300 ",3,0
2024-02-23,"Shahed-136/131 ",31,23
2024-02-23,"Supercam ",1,1
2024-02-23,"X-22 ",2,0
2024-02-23,"X-31P ",1,0
2024-02-23,"ZALA ",1,1
2024-02-24,"Iskander-M ",2,0
2024-02-24,"Shahed-136/131 ",12,12
2024-02-24,"X-59 ",3,2
2024-02-24,"ZALA ",1,1
2024-02-25,"Shahed-136/131 ",18,16
2024-02-26,"C-300 ",2,0
2024-02-26,"Iskander-M ",1,0
2024-02-26,"Merlin-VR ",1,1
2024-02-26,"Shahed-136/131 ",14,9
2024-02-26,"X-31P ",1,0
2024-02-26,"X-59 ",3,3
2024-02-26,"ZALA ",2,2
2024-02-27,"Iskander-M/KN-23 ",0,0
2024-02-27,"Shahed-136/131 ",13,11
2024-02-27,"Supercam ",1,1
2024-02-27,"X-31P ",1,0
2024-02-27,"X-59 ",4,2
2024-02-27,"ZALA ",2,2
2024-02-28,"C-300 ",0,0
2024-02-28,"Lancet ",1,1
2024-02-28,"Shahed-136/131 ",10,10
2024-02-28,"Supercam ",1,1
2024-02-29,"Lancet ",2,2
2024-03-01,"C-300 ",5,0
2024-03-01,"Shahed-136/131 ",4,4
2024-03-01,"Unknown UAV ",1,1
2024-03-01,"X-59 ",1,1
2024-03-02,"Shahed-136/131 ",17,14
2024-03-02,"X-59 and X-35 ",3,0
2024-03-02,"ZALA ",1,1
2024-03-03,"X-59 ",1,1
2024-03-04,"X-59 ",1,1
2024-03-05,"Shahed-136/131 ",22,18
2024-03-05,"X-59 ",1,1
2024-03-06,"Orlan-10 ",1,1
2024-03-06,"Shahed-136/131 ",42,38
2024-03-08,"C-300 ",1,0
2024-03-08,"Lancet ",1,1
2024-03-08,"Shahed-136/131 ",37,33
2024-03-08,"X-59 ",2,0
2024-03-09,"Shahed-136/131 ",15,12
2024-03-10,"C-300 ",4,0
2024-03-10,"Lancet ",3,3
2024-03-10,"Shahed-136/131 ",39,35
2024-03-11,"Lancet ",2,2
2024-03-11,"Shahed-136/131 ",15,15
2024-03-12,"Shahed-136/131 ",8,8
2024-03-12,"X-59 ",1,1
2024-03-13,"KAB ",1,1
2024-03-14,"Shahed-136/131 ",16,16
2024-03-15,"C-300 ",7,0
2024-03-15,"Shahed-136/131 ",27,27
2024-03-15,"X-59 ",1,0
2024-03-16,"Shahed-136/131 ",2,2
2024-03-17,"C-300 ",5,0
2024-03-17,"Shahed-136/131 ",17,14
2024-03-17,"X-59 ",2,0
2024-03-18,"C-300/C-400 ",5,0
2024-03-18,"Shahed-136/131 ",22,17
2024-03-18,"X-59 ",2,0
2024-03-19,"ZALA ",3,3
2024-03-20,"Supercam ",2,2
2024-03-21,"Iskander-M/KN-23 and X-47 Kinzhal ",2,2
2024-03-21,"Lancet ",2,2
2024-03-21,"Supercam ",1,1
2024-03-21,"X-101/X-555 ",29,29
2024-03-22,"C-300/C-400 ",22,0
2024-03-22,"Iskander-M ",12,0
2024-03-22,"Shahed-136/131 ",63,55
2024-03-22,"X-101/X-555 ",40,35
2024-03-22,"X-22 ",5,0
2024-03-22,"X-47 Kinzhal ",7,0
2024-03-22,"X-59 ",2,2
2024-03-23,"C-300 ",4,0
2024-03-23,"Shahed-136/131 ",34,31
2024-03-23,"ZALA ",2,2
2024-03-24,"Reconnaissance UAV ",1,1
2024-03-24,"Shahed-136/131 ",28,25
2024-03-24,"Supercam ",1,1
2024-03-24,"X-101/X-555 ",29,18
2024-03-25,"3M22 Zircon ",2,2
2024-03-25,"Shahed-136/131 ",9,8
2024-03-25,"Unknown UAV ",1,1
2024-03-26,"C-300 ",2,2
2024-03-26,"Shahed-136/131 ",12,12
2024-03-26,"X-59 ",1,1
2024-03-27,"Shahed-136/131 ",13,10
2024-03-27,"Supercam ",1,1
2024-03-27,"X-59 ",2,2
2024-03-28,"C-300 ",1,0
2024-03-28,"Shahed-136/131 ",28,26
2024-03-28,"X-22 ",3,0
2024-03-28,"X-31P ",1,0
2024-03-29,"Iskander-K ",4,4
2024-03-29,"Iskander-M ",2,0
2024-03-29,"Shahed-136/131 ",60,58
2024-03-29,"X-101/X-555 ",21,17
2024-03-29,"X-47 Kinzhal ",3,0
2024-03-29,"X-59 ",11,7
2024-03-30,"C-300/C-400 ",4,0
2024-03-30,"Lancet ",1,1
2024-03-30,"Shahed-136/131 ",12,9
2024-03-30,"Supercam ",1,1
2024-03-30,"X-59 ",2,2
2024-03-31,"Iskander-M ",1,0
2024-03-31,"Shahed-136/131 ",11,9
2024-03-31,"Supercam ",1,1
2024-03-31,"X-101/X-555 ",14,9
2024-03-31,"X-59 ",1,0
2024-04-01,"Forpost ",1,1
2024-04-01,"X-59 ",1,1
2024-04-02,"Shahed-136/131 ",10,9
2024-04-02,"X-59 ",2,1
2024-04-03,"C-300 ",3,0
2024-04-03,"Shahed-136/131 ",4,4
2024-04-04,"Orlan-10 ",1,1
2024-04-04,"Shahed-136/131 ",20,11
2024-04-05,"C-300/C-400 ",2,0
2024-04-05,"Iskander-M ",3,0
2024-04-05,"Orlan-10 ",1,1
2024-04-05,"Shahed-136/131 ",13,13
2024-04-06,"C-300 ",3,0
2024-04-06,"Kalibr ",1,1
2024-04-06,"Orlan-10 ",2,2
2024-04-06,"Shahed-136/131 ",32,28
2024-04-06,"X-101/X-555 ",2,2
2024-04-07,"Iskander-M ",1,0
2024-04-07,"Orlan-10 ",1,1
2024-04-07,"Shahed-136/131 ",17,17
2024-04-07,"Supercam ",1,1
2024-04-07,"Unknown UAV ",1,1
2024-04-07,"X-31 ",1,0
2024-04-08,"Orlan-10 ",2,2
2024-04-08,"Shahed-136/131 ",24,17
2024-04-08,"X-59 ",1,1
2024-04-09,"C-300 ",4,0
2024-04-09,"Orlan-10 ",1,1
2024-04-09,"Shahed-136/131 ",20,20
2024-04-09,"X-59 ",2,0
2024-04-10,"Iskander-K ",2,0
2024-04-10,"Iskander-M ",1,0
2024-04-10,"Merlin-VR ",2,2
2024-04-10,"Orlan-10 ",2,2
2024-04-10,"Reconnaissance UAV ",1,1
2024-04-10,"Shahed-136/131 ",17,14
2024-04-10,"X-59 ",1,1
2024-04-10,"ZALA ",1,1
2024-04-11,"C-300 ",12,0
2024-04-11,"Shahed-136/131 ",40,39
2024-04-11,"Supercam ",2,2
2024-04-11,"X-101/X-555 ",20,16
2024-04-11,"X-47 Kinzhal ",6,0
2024-04-11,"X-59 ",4,2
2024-04-11,"ZALA ",1,1
2024-04-12,"Reconnaissance UAV ",2,2
2024-04-12,"Shahed-136/131 ",17,16
2024-04-12,"X-59 ",2,1
2024-04-12,"ZALA ",1,1
2024-04-13,"X-59 ",1,1
2024-04-14,"C-300/C-400 ",4,0
2024-04-14,"Shahed-136/131 ",10,10
2024-04-14,"Unknown Missile ",1,1
2024-04-14,"X-59 ",2,2
2024-04-16,"Shahed-136/131 ",9,9
2024-04-17,"Supercam ",1,1
2024-04-18,"Shahed-136/131 ",13,13
2024-04-19,"Iskander-M ",2,0
2024-04-19,"Orlan-10 ",4,4
2024-04-19,"Shahed-136/131 ",14,14
2024-04-19,"X-101/X-555 ",2,2
2024-04-19,"X-22 ",6,2
2024-04-19,"X-59 ",1,1
2024-04-19,"X-59/X-69 ",12,11
2024-04-20,"C-300/C-400 ",2,0
2024-04-20,"Iskander-M ",3,0
2024-04-20,"Orlan-10 ",2,2
2024-04-20,"Supercam ",4,4
2024-04-20,"X-59 ",1,1
2024-04-20,"X-59/X-69 ",5,5
2024-04-20,"ZALA ",1,1
2024-04-22,"C-300/C-400 ",3,0
2024-04-22,"Orlan-10 ",2,2
2024-04-22,"Shahed-136/131 ",7,5
2024-04-23,"Iskander-M ",2,0
2024-04-23,"Orlan-10 ",2,2
2024-04-23,"Shahed-136/131 ",16,15
2024-04-23,"Unknown UAV ",1,1
2024-04-24,"Lancet ",2,2
2024-04-24,"X-59 ",1,1
2024-04-25,"Unknown Missile ",1,1
2024-04-25,"ZALA ",2,2
2024-04-26,"Orlan-10 ",1,1
2024-04-26,"Supercam ",1,1
2024-04-27,"C-300 ",2,0
2024-04-27,"Iskander-K ",2,1
2024-04-27,"Kalibr ",8,6
2024-04-27,"Lancet ",1,1
2024-04-27,"Orlan-10 ",3,3
2024-04-27,"X-101/X-555 ",9,6
2024-04-27,"X-47 Kinzhal ",4,0
2024-04-27,"X-59/X-69 ",9,8
2024-04-27,"ZALA ",1,1
2024-04-28,"C-300 ",1,0
2024-04-28,"Reconnaissance UAV ",2,2
2024-04-28,"Shahed-136/131 ",4,4
2024-04-28,"Unknown UAV ",5,1
2024-04-30,"Orlan-10 ",2,2
2024-05-01,"Orlan-10 ",1,1
2024-05-01,"Shahed-136/131 ",2,2
2024-05-01,"X-59/X-69 ",1,1
2024-05-02,"Orlan-10 ",1,1
2024-05-03,"Reconnaissance UAV ",1,1
2024-05-03,"Supercam ",4,4
2024-05-03,"ZALA ",1,1
2024-05-04,"C-300 ",4,0
2024-05-04,"Shahed-136/131 ",13,13
2024-05-04,"X-59/X-69 ",1,1
2024-05-05,"Orlan-10 ",1,1
2024-05-05,"Shahed-136/131 ",23,23
2024-05-05,"ZALA ",1,1
2024-05-06,"Lancet ",3,3
2024-05-06,"Reconnaissance UAV ",1,1
2024-05-06,"Shahed-136/131 ",13,12
2024-05-06,"Unknown UAV ",1,1
2024-05-06,"X-59/X-69 ",1,1
2024-05-07,"X-59/X-69 ",2,2
2024-05-08,"Iskander-K ",1,0
2024-05-08,"Iskander-M ",2,0
2024-05-08,"Kalibr ",4,4
2024-05-08,"Orlan-10 ",1,1
2024-05-08,"Shahed-136/131 ",21,20
2024-05-08,"X-101/X-555 ",45,33
2024-05-08,"X-47 Kinzhal ",1,0
2024-05-08,"X-59/X-69 ",3,3
2024-05-09,"Shahed-136/131 ",20,17
2024-05-09,"Supercam ",3,3
2024-05-09,"ZALA ",2,2
2024-05-10,"C-300/C-400 ",2,0
2024-05-10,"Lancet ",1,1
2024-05-10,"Shahed-136/131 ",10,10
2024-05-10,"Supercam ",1,1
2024-05-10,"X-59/X-69 ",1,1
2024-05-10,"ZALA ",1,1
2024-05-11,"Orlan-10 ",1,1
2024-05-11,"X-59/X-69 ",1,1
2024-05-11,"ZALA ",4,4
2024-05-12,"Lancet ",1,1
2024-05-12,"Orlan-10 ",2,2
2024-05-12,"Unknown UAV ",1,1
2024-05-13,"Orlan-10 ",1,1
2024-05-14,"Iskander-M ",1,0
2024-05-14,"Shahed-136/131 ",18,18
2024-05-15,"Orlan-10 ",1,1
2024-05-15,"Supercam ",2,2
2024-05-15,"X-59/X-69 ",1,1
2024-05-15,"ZALA ",2,2
2024-05-16,"Lancet ",1,1
2024-05-16,"Unknown UAV ",1,1
2024-05-17,"Iskander-M ",3,0
2024-05-17,"Lancet ",1,1
2024-05-17,"Orlan-10 ",1,1
2024-05-17,"Shahed-136/131 ",20,20
2024-05-17,"Supercam ",1,1
2024-05-17,"Unknown UAV ",2,2
2024-05-17,"X-59/X-69 ",3,3
2024-05-17,"ZALA ",2,2
2024-05-18,"Iskander-M ",1,0
2024-05-18,"Orlan-10 ",1,1
2024-05-18,"Shahed-136/131 ",14,14
2024-05-18,"Supercam ",3,3
2024-05-18,"X-59/X-69 ",1,1
2024-05-19,"Orlan-10 ",1,1
2024-05-19,"Shahed-136/131 ",37,37
2024-05-19,"X-59/X-69 ",1,1
2024-05-20,"Iskander-M ",2,0
2024-05-20,"Lancet ",1,1
2024-05-20,"Orlan-10 ",3,3
2024-05-20,"Shahed-136/131 ",29,29
2024-05-20,"Supercam ",1,1
2024-05-20,"X-59/X-69 ",1,1
2024-05-21,"Shahed-136/131 ",29,28
2024-05-22,"Orlan-10 ",2,2
2024-05-22,"Shahed-136/131 ",24,24
2024-05-22,"X-59/X-69 ",2,2
2024-05-22,"ZALA ",1,1
2024-05-23,"Orlan-10 ",1,1
2024-05-26,"Shahed-136/131 ",31,31
2024-05-26,"X-101/X-555 ",12,12
2024-05-26,"X-47 Kinzhal ",2,0
2024-05-28,"Iskander-M ",1,0
2024-05-28,"Shahed-136/131 ",5,5
2024-05-28,"Supercam ",2,2
2024-05-28,"ZALA ",2,2
2024-05-29,"Iskander-M ",1,0
2024-05-29,"Shahed-136/131 ",13,13
2024-05-30,"C-300/C-400 ",8,0
2024-05-30,"Lancet ",1,1
2024-05-30,"Reconnaissance UAV ",1,1
2024-05-30,"Shahed-136/131 ",32,32
2024-05-30,"Supercam ",1,1
2024-05-30,"X-101/X-555 ",11,7
2024-05-31,"C-300/C-400 ",5,0
2024-05-31,"Iskander-K ",1,1
2024-05-31,"Shahed-136/131 ",4,4
2024-05-31,"Unknown Missile ",2,1
2024-06-01,"C-400 ",1,0
2024-06-01,"Iskander-K ",1,1
2024-06-01,"Iskander-M ",5,0
2024-06-01,"Kalibr ",10,4
2024-06-01,"Lancet ",1,1
2024-06-01,"Reconnaissance UAV ",1,0
2024-06-01,"Shahed-136/131 ",47,46
2024-06-01,"Supercam ",1,1
2024-06-01,"Unknown UAV ",1,1
2024-06-01,"X-101/X-555 ",35,30
2024-06-01,"X-59/X-69 ",4,1
2024-06-02,"C-300 ",1,0
2024-06-02,"Iskander-K ",1,0
2024-06-02,"Iskander-M ",1,0
2024-06-02,"Orlan-10 ",1,1
2024-06-02,"Shahed-136/131 ",25,24
2024-06-02,"Supercam ",1,1
2024-06-02,"ZALA ",1,1
2024-06-03,"Supercam ",1,1
2024-06-03,"Unknown Missile ",1,1
2024-06-03,"ZALA ",2,2
2024-06-04,"Iskander-K ",2,2
2024-06-04,"Iskander-M ",1,0
2024-06-04,"Orlan-10 ",1,1
2024-06-04,"Unknown UAV ",5,5
2024-06-04,"ZALA ",1,1
2024-06-05,"Iskander-M ",1,0
2024-06-05,"Shahed-136/131 ",27,22
2024-06-05,"ZALA ",3,3
2024-06-06,"Iskander-M ",2,0
2024-06-06,"Orlan-10 ",2,2
2024-06-06,"Shahed-136/131 ",18,17
2024-06-06,"ZALA ",1,1
2024-06-07,"Shahed-136/131 ",53,48
2024-06-07,"Supercam ",1,1
2024-06-07,"Unknown UAV ",1,1
2024-06-07,"X-101/X-555 ",5,5
2024-06-07,"X-59/X-69 ",1,1
2024-06-08,"Lancet ",4,4
2024-06-08,"Shahed-136/131 ",13,9
2024-06-08,"Supercam ",2,2
2024-06-08,"X-59 ",1,1
2024-06-09,"Supercam ",1,1
2024-06-09,"ZALA ",1,1
2024-06-11,"X-59/X-69 ",2,2
2024-06-12,"Iskander-M ",1,0
2024-06-12,"Shahed-136/131 ",24,24
2024-06-12,"X-101/X-555 ",4,4
2024-06-12,"X-47 Kinzhal ",1,1
2024-06-13,"Orlan-10 ",1,1
2024-06-13,"Supercam ",2,2
2024-06-13,"X-59 ",1,0
2024-06-13,"ZALA ",3,2
2024-06-14,"Iskander-M ",4,0
2024-06-14,"Lancet ",1,1
2024-06-14,"Orlan-10 ",1,1
2024-06-14,"Reconnaissance UAV ",3,3
2024-06-14,"Shahed-136/131 ",17,17
2024-06-14,"Supercam ",1,1
2024-06-14,"X-101/X-555 ",10,7
2024-06-14,"X-47 Kinzhal ",1,0
2024-06-17,"Iskander-M ",1,0
2024-06-17,"Lancet ",2,2
2024-06-17,"Orlan-10 ",1,1
2024-06-17,"Reconnaissance UAV ",1,1
2024-06-17,"Supercam ",1,1
2024-06-17,"X-31P ",1,0
2024-06-18,"Lancet ",2,2
2024-06-18,"Orlan-10 ",1,1
2024-06-18,"Shahed-136/131 ",10,10
2024-06-18,"Supercam ",1,1
2024-06-19,"Iskander-M ",1,0
2024-06-19,"Kalibr ",1,1
2024-06-19,"Lancet ",1,1
2024-06-19,"Orlan-10 ",1,1
2024-06-19,"Shahed-136/131 ",21,19
2024-06-19,"X-59/X-69 ",1,1
2024-06-20,"Iskander-M ",3,0
2024-06-20,"Shahed-136/131 ",27,27
2024-06-20,"X-101/X-555 ",4,4
2024-06-20,"X-59 ",2,1
2024-06-21,"Iskander-M ",1,0
2024-06-21,"X-59/X-69 ",4,4
2024-06-22,"Iskander-K ",2,1
2024-06-22,"Iskander-M ",1,0
2024-06-22,"Kalibr ",4,4
2024-06-22,"Orlan-10 ",2,2
2024-06-22,"Shahed-136/131 ",13,13
2024-06-22,"Supercam ",2,2
2024-06-22,"X-101/X-555 ",10,7
2024-06-22,"X-69 ",1,0
2024-06-22,"ZALA ",4,4
2024-06-23,"Kalibr ",3,2
2024-06-23,"ZALA ",1,1
2024-06-24,"Iskander-K ",2,1
2024-06-24,"Supercam ",4,4
2024-06-24,"Unknown UAV ",5,5
2024-06-25,"Lancet ",1,1
2024-06-25,"Supercam ",1,1
2024-06-25,"ZALA ",4,4
2024-06-26,"Iskander-M ",1,0
2024-06-26,"Orlan-10 ",1,1
2024-06-26,"Supercam ",1,1
2024-06-26,"X-59 ",1,0
2024-06-26,"ZALA ",1,1
2024-06-27,"Iskander-M ",2,0
2024-06-27,"Kalibr ",4,4
2024-06-27,"Lancet ",2,2
2024-06-27,"Orlan-10 ",1,1
2024-06-27,"Shahed-136/131 ",23,23
2024-06-27,"Supercam ",1,1
2024-06-27,"Unknown UAV ",1,1
2024-06-27,"X-47 Kinzhal ",1,0
2024-06-27,"X-59/X-69 ",1,1
2024-06-27,"ZALA ",2,2
2024-06-28,"Iskander-M ",2,2
2024-06-28,"Lancet ",2,2
2024-06-28,"Orlan-10 ",2,2
2024-06-28,"Supercam ",2,2
2024-06-28,"Unknown UAV ",1,1
2024-06-28,"ZALA ",1,1
2024-06-29,"Lancet ",4,4
2024-06-29,"Orlan-10 ",1,1
2024-06-29,"Shahed-136/131 ",10,10
2024-06-30,"Iskander-M ",1,1
2024-06-30,"Lancet ",4,4
2024-06-30,"Orlan-10 ",1,1
2024-06-30,"ZALA ",2,2
2024-07-01,"Orlan-10 ",1,1
2024-07-01,"Supercam ",1,1
2024-07-01,"X-59/X-69 ",1,1
2024-07-02,"Supercam ",1,1
2024-07-02,"X-59/X-69 ",1,1
2024-07-03,"Iskander-K ",3,1
2024-07-03,"Orlan-10 ",1,1
2024-07-03,"Shahed-136/131 ",5,5
2024-07-03,"X-59 ",4,4
2024-07-03,"X-59/X-69 ",1,1
2024-07-03,"ZALA ",1,1
2024-07-04,"Iskander-M ",1,0
2024-07-04,"Lancet ",1,1
2024-07-04,"Merlin-VR ",1,1
2024-07-04,"Shahed-136/131 ",22,21
2024-07-04,"Supercam ",2,2
2024-07-04,"ZALA ",3,3
2024-07-05,"Orlan-10 ",1,1
2024-07-05,"Shahed-136/131 ",32,32
2024-07-05,"Supercam ",2,2
2024-07-05,"X-59 ",5,5
2024-07-05,"X-59/X-69 ",4,4
2024-07-05,"ZALA ",4,4
2024-07-06,"Iskander-M ",2,0
2024-07-06,"Lancet ",2,2
2024-07-06,"Merlin-VR ",1,1
2024-07-06,"Orlan-10 ",1,1
2024-07-06,"Shahed-136/131 ",27,24
2024-07-06,"Supercam ",2,2
2024-07-06,"ZALA ",2,2
2024-07-07,"Iskander-M ",3,1
2024-07-07,"Shahed-136/131 ",13,13
2024-07-07,"Supercam ",2,2
2024-07-07,"Unknown UAV ",1,1
2024-07-07,"ZALA ",1,1
2024-07-08,"3M22 Zircon ",1,0
2024-07-08,"Iskander-M ",6,3
2024-07-08,"Kalibr ",14,12
2024-07-08,"Orlan-10 ",3,3
2024-07-08,"Reconnaissance UAV ",1,1
2024-07-08,"Supercam ",1,1
2024-07-08,"X-101/X-555 ",17,14
2024-07-08,"X-22 ",2,0
2024-07-08,"X-47 Kinzhal ",1,1
2024-07-08,"X-59/X-69 ",5,5
2024-07-08,"ZALA ",3,3
2024-07-09,"Iskander-M ",2,0
2024-07-09,"Orlan-10 ",2,2
2024-07-09,"Reconnaissance UAV ",1,1
2024-07-09,"Supercam ",1,1
2024-07-09,"ZALA ",2,2
2024-07-10,"Iskander-M ",1,0
2024-07-10,"Merlin-VR ",1,1
2024-07-10,"Shahed-136/131 ",20,14
2024-07-10,"Supercam ",1,1
2024-07-10,"X-31P ",1,0
2024-07-10,"X-59 ",1,0
2024-07-10,"X-59/X-69 ",4,0
2024-07-10,"ZALA ",2,2
2024-07-11,"Iskander-M ",2,0
2024-07-11,"Orlan-10 ",2,2
2024-07-11,"Shahed-136/131 ",6,6
2024-07-11,"Supercam ",1,1
2024-07-11,"X-101/X-555 ",5,5
2024-07-11,"ZALA ",1,1
2024-07-12,"Shahed-136/131 ",19,11
2024-07-12,"ZALA ",3,3
2024-07-13,"Iskander-M ",1,0
2024-07-13,"Orlan-10 ",3,3
2024-07-13,"Shahed-136/131 ",5,4
2024-07-14,"Orlan-10 ",6,6
2024-07-14,"Supercam ",1,1
2024-07-14,"X-59/X-69 ",2,2
2024-07-14,"ZALA ",2,2
2024-07-15,"Iskander-M ",1,0
2024-07-15,"Orlan-10 ",6,6
2024-07-15,"Supercam ",3,3
2024-07-15,"ZALA ",3,3
2024-07-16,"Iskander-M ",2,0
2024-07-16,"Orlan-10 ",4,4
2024-07-16,"Shahed-136/131 ",4,2
2024-07-16,"Unknown UAV ",1,1
2024-07-16,"ZALA ",1,1
2024-07-17,"Orlan-10 ",2,2
2024-07-17,"Supercam ",4,4
2024-07-18,"Iskander-M ",1,0
2024-07-18,"Orlan-10 ",1,1
2024-07-18,"Reconnaissance UAV ",2,2
2024-07-18,"Shahed-136/131 ",16,16
2024-07-18,"Supercam ",2,2
2024-07-18,"X-35 ",1,1
2024-07-18,"X-59/X-69 ",2,2
2024-07-19,"Lancet ",3,3
2024-07-19,"X-31PD ",1,0
2024-07-19,"X-59 ",2,0
2024-07-19,"ZALA ",1,1
2024-07-20,"Iskander-K ",1,0
2024-07-20,"Iskander-M ",4,1
2024-07-20,"Orlan-10 ",1,1
2024-07-20,"Shahed-136/131 ",16,12
2024-07-20,"Supercam ",1,1
2024-07-20,"Unknown UAV ",1,1
2024-07-20,"ZALA ",4,4
2024-07-21,"Iskander-M ",3,0
2024-07-21,"Lancet ",4,4
2024-07-21,"Shahed-136/131 ",39,35
2024-07-21,"Supercam ",4,4
2024-07-21,"Unknown UAV ",1,1
2024-07-21,"X-59/X-69 ",2,0
2024-07-21,"ZALA ",6,6
2024-07-21,"Привет-82 ",1,1
2024-07-22,"Iskander-M ",1,0
2024-07-22,"Orlan-10 ",1,1
2024-07-22,"Supercam ",3,2
2024-07-22,"ZALA ",3,3
2024-07-23,"Iskander-M ",1,0
2024-07-23,"Orlan-10 ",2,2
2024-07-23,"Shahed-136/131 ",8,7
2024-07-23,"Supercam ",2,2
2024-07-23,"X-69 ",1,0
2024-07-23,"ZALA ",4,4
2024-07-24,"Iskander-M ",1,0
2024-07-24,"Shahed-136/131 ",23,17
2024-07-24,"Unknown Missile ",1,0
2024-07-25,"Orlan-10 ",2,2
2024-07-25,"Shahed-136/131 ",38,25
2024-07-25,"Supercam ",3,3
2024-07-25,"ZALA ",5,5
2024-07-26,"Forpost ",1,1
2024-07-26,"Iskander-M ",1,0
2024-07-26,"Lancet ",2,2
2024-07-26,"Shahed-136/131 ",22,20
2024-07-26,"Supercam ",4,4
2024-07-26,"Unknown UAV ",1,1
2024-07-27,"Orlan-10 ",2,2
2024-07-27,"Shahed-136/131 ",4,4
2024-07-27,"Supercam ",1,1
2024-07-27,"X-59 ",1,1
2024-07-27,"X-59/X-69 ",1,1
2024-07-28,"Orlan-10 ",2,2
2024-07-28,"Shahed-136/131 ",8,7
2024-07-28,"Supercam ",1,1
2024-07-28,"X-59 ",1,1
2024-07-28,"Картограф ",1,1
2024-07-29,"Orlan-10 ",2,2
2024-07-29,"Shahed-136/131 ",10,9
2024-07-29,"Supercam ",1,1
2024-07-29,"X-59/X-69 ",1,1
2024-07-29,"ZALA ",4,4
2024-07-31,"Shahed-136/131 ",89,89
2024-07-31,"Supercam ",1,1
2024-07-31,"X-59 ",1,1
2024-07-31,"ZALA ",5,5
2024-08-01,"Iskander-M ",2,0
2024-08-01,"Lancet ",3,3
2024-08-01,"Orlan-10 ",1,1
2024-08-01,"Shahed-136/131 ",7,7
2024-08-01,"Supercam ",2,2
2024-08-01,"Unknown UAV ",4,4
2024-08-02,"Iskander-M ",3,0
2024-08-02,"Orlan-10 ",1,1
2024-08-02,"Shahed-136/131 ",1,1
2024-08-02,"Supercam ",3,3
2024-08-02,"ZALA ",4,4
2024-08-03,"C-300 ",2,0
2024-08-03,"Shahed-136/131 ",29,24
2024-08-03,"Supercam ",2,2
2024-08-03,"X-31P ",2,0
2024-08-03,"ZALA ",3,3
2024-08-04,"C-300 ",2,0
2024-08-04,"Lancet ",2,2
2024-08-04,"Shahed-136/131 ",5,5
2024-08-04,"X-59 ",2,0
2024-08-04,"ZALA ",1,1
2024-08-05,"Iskander-M ",2,0
2024-08-05,"Orlan-10 ",1,1
2024-08-05,"Shahed-136/131 ",24,24
2024-08-05,"X-59 ",2,0
2024-08-05,"ZALA ",1,1
2024-08-06,"Iskander-M/KN-23 ",4,2
2024-08-06,"Shahed-136/131 ",16,15
2024-08-06,"Supercam ",1,1
2024-08-06,"X-59 ",2,2
2024-08-07,"Orion ",1,1
2024-08-07,"Shahed-136/131 ",30,30
2024-08-07,"ZALA ",2,2
2024-08-08,"Iskander-M ",2,0
2024-08-08,"Orlan-10 ",1,1
2024-08-08,"Shahed-136/131 ",4,4
2024-08-08,"X-59 ",2,2
2024-08-08,"ZALA ",1,1
2024-08-09,"Shahed-136/131 ",27,27
2024-08-09,"Supercam ",2,2
2024-08-10,"Supercam ",1,1
2024-08-11,"Iskander-M ",2,0
2024-08-11,"KN-23 ",4,0
2024-08-11,"Lancet ",4,4
2024-08-11,"Shahed-136/131 ",57,53
2024-08-11,"ZALA ",1,1
2024-08-12,"Supercam ",2,2
2024-08-12,"ZALA ",1,1
2024-08-13,"Iskander-M/KN-23 ",2,0
2024-08-13,"Shahed-136/131 ",38,30
2024-08-14,"Iskander-M ",1,0
2024-08-14,"Shahed-136/131 ",23,17
2024-08-14,"Supercam ",2,2
2024-08-14,"X-59/X-69 ",2,0
2024-08-14,"ZALA ",1,1
2024-08-15,"Lancet ",4,4
2024-08-15,"Orlan-10 ",1,1
2024-08-15,"Shahed-136/131 ",29,29
2024-08-15,"Supercam ",1,1
2024-08-15,"X-59 ",3,0
2024-08-16,"Iskander-M ",3,0
2024-08-16,"Lancet ",1,1
2024-08-16,"Orlan-10 ",1,1
2024-08-16,"Shahed-136/131 ",3,3
2024-08-16,"Supercam ",2,2
2024-08-16,"Unknown UAV ",2,2
2024-08-17,"Iskander-K ",1,0
2024-08-17,"Shahed-136/131 ",14,14
2024-08-18,"Iskander-M ",1,0
2024-08-18,"KN-23 ",2,2
2024-08-18,"Orlan-10 ",1,1
2024-08-18,"Shahed-136/131 ",8,8
2024-08-18,"Supercam ",2,2
2024-08-18,"Unknown Missile ",3,3
2024-08-18,"X-59 ",2,0
2024-08-18,"ZALA ",3,3
2024-08-19,"Lancet ",2,2
2024-08-19,"Shahed-136/131 ",11,11
2024-08-19,"ZALA ",3,3
2024-08-20,"Iskander-K ",1,1
2024-08-20,"Iskander-M/KN-23 ",2,0
2024-08-20,"Reconnaissance UAV ",4,4
2024-08-20,"Shahed-136/131 ",26,25
2024-08-20,"X-59 ",2,2
2024-08-21,"Iskander-M/KN-23 ",2,0
2024-08-21,"Orlan-10 ",3,3
2024-08-21,"Shahed-136/131 ",69,50
2024-08-21,"X-59/X-69 ",1,1
2024-08-21,"ZALA ",1,1
2024-08-22,"Iskander-M ",2,0
2024-08-22,"Shahed-136/131 ",10,2
2024-08-22,"X-31P ",2,0
2024-08-23,"Iskander-M/KN-23 ",2,0
2024-08-23,"Lancet ",2,2
2024-08-23,"Merlin-VR ",1,1
2024-08-23,"Orlan-10 ",1,1
2024-08-23,"Shahed-136/131 ",16,14
2024-08-23,"Supercam ",1,1
2024-08-23,"ZALA ",2,2
2024-08-24,"X-22 ",4,0
2024-08-24,"ZALA ",1,1
2024-08-25,"Iskander-M and Iskander-K ",2,0
2024-08-25,"Shahed-136/131 ",9,8
2024-08-25,"X-59/X-69 ",6,0
2024-08-26,"Iskander-M/KN-23 ",6,1
2024-08-26,"Shahed-136/131 ",109,99
2024-08-26,"X-101/X-555 and Kalibr and X-59/X-69 ",109,99
2024-08-26,"X-22 ",3,1
2024-08-26,"X-47 Kinzhal ",3,1
2024-08-27,"Iskander-K ",1,0
2024-08-27,"Iskander-M ",1,0
2024-08-27,"Shahed-136/131 ",81,60
2024-08-27,"X-101/X-555 ",5,5
2024-08-27,"X-47 Kinzhal ",3,0
2024-08-28,"Lancet ",2,2
2024-08-28,"Orlan-10 ",1,1
2024-08-29,"Iskander-M ",1,0
2024-08-29,"Orlan-10 ",2,2
2024-08-29,"Shahed-136/131 ",74,60
2024-08-29,"Supercam ",1,1
2024-08-29,"Unknown Missile ",2,0
2024-08-29,"X-59/X-69 ",3,2
2024-08-30,"Iskander-M ",1,0
2024-08-30,"Shahed-136/131 ",18,12
2024-08-31,"C-300 ",4,0
2024-08-31,"Iskander-M ",1,0
2024-08-31,"Lancet ",4,4
2024-08-31,"Orion ",1,1
2024-08-31,"Shahed-136/131 ",52,24
2024-09-01,"Iskander-M ",1,0
2024-09-01,"Shahed-136/131 ",11,8
2024-09-02,"C-300/C-400 ",4,0
2024-09-02,"Iskander-M ",1,0
2024-09-02,"Iskander-M/KN-23 ",16,9
2024-09-02,"Lancet ",1,1
2024-09-02,"Shahed-136/131 ",23,20
2024-09-02,"Supercam ",2,2
2024-09-02,"Unknown Missile ",1,0
2024-09-02,"X-101/X-555 ",14,13
2024-09-02,"ZALA ",3,3
2024-09-03,"Iskander-M/KN-23 ",3,0
2024-09-03,"Shahed-136/131 ",35,27
2024-09-03,"X-59/X-69 ",1,0
2024-09-04,"Iskander-K ",3,3
2024-09-04,"Shahed-136/131 ",29,22
2024-09-04,"X-101/X-555 ",6,4
2024-09-04,"X-22 ",2,0
2024-09-04,"X-47 Kinzhal ",2,0
2024-09-05,"Iskander-M ",1,0
2024-09-05,"Shahed-136/131 ",78,60
2024-09-06,"Lancet ",1,1
2024-09-06,"Shahed-136/131 ",44,27
2024-09-06,"X-31P ",1,0
2024-09-06,"X-59 ",1,0
2024-09-06,"ZALA ",1,1
2024-09-07,"Lancet ",2,2
2024-09-07,"Orlan-10 ",3,3
2024-09-07,"Shahed-136/131 ",67,58
2024-09-07,"ZALA ",1,1
2024-09-08,"Shahed-136/131 ",23,15
2024-09-08,"X-59 ",4,1
2024-09-09,"Lancet ",2,2
2024-09-09,"Shahed-136/131 ",8,6
2024-09-09,"Supercam ",3,3
2024-09-09,"X-59/X-69 ",3,2
2024-09-09,"ZALA ",4,4
2024-09-10,"Iskander-M ",1,0
2024-09-10,"Shahed-136/131 ",46,38
2024-09-10,"Supercam ",2,2
2024-09-10,"X-31P ",1,0
2024-09-10,"ZALA ",1,1
2024-09-11,"C-300 ",2,0
2024-09-11,"Iskander-M ",1,0
2024-09-11,"Shahed-136/131 ",25,20
2024-09-11,"X-31P ",6,0
2024-09-11,"X-59/X-69 ",1,0
2024-09-12,"Iskander-M ",3,1
2024-09-12,"Lancet ",4,4
2024-09-12,"Orlan-10 ",1,1
2024-09-12,"Shahed-136/131 ",64,44
2024-09-12,"X-22/X-32 ",2,0
2024-09-12,"ZALA ",4,4
2024-09-13,"Shahed-136/131 ",26,24
2024-09-14,"Shahed-136/131 ",76,72
2024-09-14,"Supercam ",1,1
2024-09-14,"Unknown UAV ",2,2
2024-09-14,"ZALA ",3,3
2024-09-15,"Iskander-M ",2,0
2024-09-15,"Orion ",1,1
2024-09-15,"Shahed-136/131 ",14,10
2024-09-15,"X-59 ",1,1
2024-09-16,"Shahed-136/131 ",56,53
2024-09-17,"Shahed-136/131 ",51,34
2024-09-18,"Shahed-136/131 ",52,46
2024-09-18,"X-59/X-69 ",3,0
2024-09-19,"C-300/C-400 ",3,0
2024-09-19,"Orlan-10 ",1,1
2024-09-19,"Shahed-136/131 ",42,42
2024-09-19,"Supercam ",1,1
2024-09-19,"X-59/X-69 ",1,1
2024-09-20,"Iskander-M ",1,0
2024-09-20,"Lancet ",7,7
2024-09-20,"Shahed-136/131 ",70,61
2024-09-20,"Unknown Missile ",3,0
2024-09-20,"X-59/X-69 ",1,1
2024-09-20,"ZALA ",1,1
2024-09-21,"Iskander-M/KN-23 ",4,0
2024-09-21,"Shahed-136/131 ",16,11
2024-09-21,"X-59/X-69 ",5,5
2024-09-22,"Shahed-136/131 ",80,71
2024-09-22,"X-59/X-69 ",2,0
2024-09-23,"Shahed-136/131 ",4,3
2024-09-23,"X-59/X-69 ",2,0
2024-09-24,"Iskander-M ",1,0
2024-09-24,"Lancet ",11,11
2024-09-24,"Orlan-10 ",1,1
2024-09-24,"Shahed-136/131 ",81,66
2024-09-24,"Unknown Missile ",1,0
2024-09-24,"X-59/X-69 ",1,0
2024-09-24,"ZALA ",4,4
2024-09-25,"C-300 ",1,0
2024-09-25,"Orlan-10 ",1,1
2024-09-25,"Shahed-136/131 ",32,28
2024-09-25,"Supercam ",1,1
2024-09-25,"Unknown Missile ",3,0
2024-09-25,"X-59/X-69 ",4,4
2024-09-25,"ZALA ",2,2
2024-09-26,"Shahed-136/131 ",78,66
2024-09-26,"Unknown Missile ",2,0
2024-09-26,"X-47 Kinzhal ",3,0
2024-09-26,"X-59/X-69 ",4,4
2024-09-27,"Iskander-M/KN-23 ",1,0
2024-09-27,"Shahed-136/131 ",32,24
2024-09-27,"X-22 ",2,0
2024-09-27,"X-47 Kinzhal ",4,0
2024-09-27,"ZALA ",1,1
2024-09-28,"Iskander-M ",2,0
2024-09-28,"Shahed-136/131 ",76,70
2024-09-28,"X-59/X-69 ",2,2
2024-09-29,"Shahed-136/131 ",22,15
2024-09-30,"Iskander-M ",3,0
2024-09-30,"Shahed-136/131 ",73,67
2024-09-30,"X-31P ",1,0
2024-09-30,"X-59/X-69 ",1,1
2024-10-01,"Eleron ",1,1
2024-10-01,"Iskander-M ",1,0
2024-10-01,"Orlan-10 ",1,1
2024-10-01,"Shahed-136/131 ",32,29
2024-10-01,"ZALA ",1,1
2024-10-02,"Shahed-136/131 ",32,11
2024-10-03,"Orlan-10 ",1,1
2024-10-03,"Shahed-136/131 ",105,78
2024-10-03,"Supercam ",1,1
2024-10-03,"X-31P ",1,0
2024-10-03,"ZALA ",1,1
2024-10-04,"Shahed-136/131 ",19,9
2024-10-05,"Shahed-136/131 ",13,3
2024-10-05,"X-59/X-69 ",3,0
2024-10-05,"ZALA ",3,3
2024-10-06,"Iskander-K ",1,1
2024-10-06,"Iskander-M ",2,0
2024-10-06,"Shahed-136/131 ",87,56
2024-10-06,"X-59/X-69 ",1,1
